{
    "dataset": "breast_cancer",
    "n_test": 114,
    "brier_score_calibrated": 0.029391704925279028,
    "log_loss_calibrated": 0.12412826306557509,
    "calibration_curve": {
        "fraction_of_positives": [
            0.0,
            0.0,
            0.0,
            0.0,
            0.5,
            0.8,
            1.0,
            0.9230769230769231,
            1.0
        ],
        "mean_predicted_value": [
            0.0179757229720552,
            0.12031496731986081,
            0.29959275077131275,
            0.3437512711618311,
            0.5546888298805124,
            0.6473246456995072,
            0.7595351348967126,
            0.8421066371037266,
            0.9603925685415952
        ]
    }
}