{
    "dataset": "breast_cancer",
    "n_test": 114,
    "brier_score_calibrated": 0.029391703083929,
    "log_loss_calibrated": 0.12412826009840909,
    "calibration_curve": {
        "fraction_of_positives": [
            0.0,
            0.0,
            0.0,
            0.0,
            0.5,
            0.8,
            1.0,
            0.9230769230769231,
            1.0
        ],
        "mean_predicted_value": [
            0.017975722314404433,
            0.1203149465612527,
            0.2995928691420755,
            0.34375120687804667,
            0.5546888145405098,
            0.647324663947846,
            0.759535137582621,
            0.8421066119120293,
            0.9603925682544147
        ]
    }
}