{
    "dataset": "breast_cancer",
    "n_test": 114,
    "brier_score_calibrated": 0.029391704880933383,
    "log_loss_calibrated": 0.1241282674675905,
    "calibration_curve": {
        "fraction_of_positives": [
            0.0,
            0.0,
            0.0,
            0.0,
            0.5,
            0.8,
            1.0,
            0.9230769230769231,
            1.0
        ],
        "mean_predicted_value": [
            0.017975722799200802,
            0.12031493324286982,
            0.2995928589425995,
            0.34375131853640345,
            0.5546888189057502,
            0.6473246965102307,
            0.7595351622078017,
            0.8421065726426347,
            0.9603925614981877
        ]
    }
}